<?xml version="1.0" encoding="UTF-8"?>
<root>
  <item name="com.facebook.react.uimanager.ReactRoot int getUIManagerType()">
    <annotation name="androidx.annotation.IntDef">
      <val name="value" val="{com.facebook.react.uimanager.common.UIManagerType.DEFAULT, com.facebook.react.uimanager.common.UIManagerType.FABRIC}" />
    </annotation>
  </item>
  <item name="com.facebook.react.uimanager.UIManagerHelper com.facebook.react.bridge.UIManager getUIManager(com.facebook.react.bridge.ReactContext, int) 1">
    <annotation name="androidx.annotation.IntDef">
      <val name="value" val="{com.facebook.react.uimanager.common.UIManagerType.DEFAULT, com.facebook.react.uimanager.common.UIManagerType.FABRIC}" />
    </annotation>
  </item>
</root>

